symbol,horizon,horizon_h,q_long,q_short,window,test_auc,best_iter,n_trades,n_long,n_short,win_rate,avg_ret_pct,pnl_pct,sharpe
ETH/USDT,6,0.5,90,10,1,0.5142,83,143,68,75,0.3147,-0.171,-24.4578,-0.3114
ETH/USDT,6,0.5,85,15,1,0.5142,83,188,87,101,0.3138,-0.1681,-31.6121,-0.3149
ETH/USDT,6,0.5,80,20,1,0.5142,83,225,107,118,0.28,-0.1858,-41.8114,-0.3608
ETH/USDT,6,0.5,90,10,2,0.5355,17,146,76,70,0.3767,-0.1364,-19.9073,-0.2956
ETH/USDT,6,0.5,85,15,2,0.5355,17,190,96,94,0.3474,-0.1402,-26.6293,-0.3077
ETH/USDT,6,0.5,80,20,2,0.5355,17,224,113,111,0.3214,-0.1606,-35.9674,-0.3333
ETH/USDT,6,0.5,90,10,3,0.5308,22,138,70,68,0.4275,-0.0856,-11.8133,-0.1695
ETH/USDT,6,0.5,85,15,3,0.5308,22,183,88,95,0.3825,-0.127,-23.2467,-0.2266
ETH/USDT,6,0.5,80,20,3,0.5308,22,212,102,110,0.3679,-0.155,-32.8653,-0.2764
ETH/USDT,6,0.5,90,10,4,0.5012,1,106,59,47,0.4151,-0.0787,-8.339,-0.0986
ETH/USDT,6,0.5,85,15,4,0.5012,1,125,75,50,0.408,-0.0896,-11.1983,-0.1273
ETH/USDT,6,0.5,80,20,4,0.5012,1,141,87,54,0.3617,-0.1182,-16.6717,-0.1781
ETH/USDT,12,1.0,90,10,1,0.5171,20,73,36,37,0.3014,-0.1757,-12.8247,-0.305
ETH/USDT,12,1.0,85,15,1,0.5171,20,93,47,46,0.3011,-0.2215,-20.6041,-0.327
ETH/USDT,12,1.0,80,20,1,0.5171,20,107,55,52,0.2804,-0.2424,-25.9323,-0.3399
ETH/USDT,12,1.0,90,10,2,0.5395,106,77,45,32,0.4026,-0.165,-12.7047,-0.2446
ETH/USDT,12,1.0,85,15,2,0.5395,106,93,49,44,0.3871,-0.2045,-19.0217,-0.3082
ETH/USDT,12,1.0,80,20,2,0.5395,106,106,57,49,0.3962,-0.1807,-19.1537,-0.2721
ETH/USDT,12,1.0,90,10,3,0.537,4,70,36,34,0.3714,-0.1708,-11.9564,-0.262
ETH/USDT,12,1.0,85,15,3,0.537,4,94,49,45,0.383,-0.1615,-15.1852,-0.2352
ETH/USDT,12,1.0,80,20,3,0.537,4,106,54,52,0.4057,-0.1183,-12.5357,-0.1735
ETH/USDT,12,1.0,90,10,4,0.5001,6,81,43,38,0.4568,-0.065,-5.2611,-0.0547
ETH/USDT,12,1.0,85,15,4,0.5001,6,96,47,49,0.4479,-0.0646,-6.2037,-0.0584
ETH/USDT,12,1.0,80,20,4,0.5001,6,107,56,51,0.4673,-0.1871,-20.0165,-0.1691
ETH/USDT,36,3.0,90,10,1,0.4882,142,35,19,16,0.4286,-0.4303,-15.0608,-0.2988
ETH/USDT,36,3.0,85,15,1,0.4882,142,43,26,17,0.3953,-0.4039,-17.3676,-0.3404
ETH/USDT,36,3.0,80,20,1,0.4882,142,47,24,23,0.4255,-0.3306,-15.5395,-0.2857
ETH/USDT,36,3.0,90,10,2,0.5319,5,33,16,17,0.4545,-0.3214,-10.6058,-0.2717
ETH/USDT,36,3.0,85,15,2,0.5319,5,40,19,21,0.375,-0.1471,-5.8831,-0.1198
ETH/USDT,36,3.0,80,20,2,0.5319,5,43,17,26,0.3953,-0.3082,-13.2539,-0.2408
ETH/USDT,36,3.0,90,10,3,0.5753,4,34,17,17,0.5882,0.1859,6.3221,0.1547
ETH/USDT,36,3.0,85,15,3,0.5753,4,42,22,20,0.619,0.3367,14.143,0.3186
ETH/USDT,36,3.0,80,20,3,0.5753,4,44,27,17,0.5227,0.1126,4.9552,0.0903
ETH/USDT,36,3.0,90,10,4,0.5013,210,36,20,16,0.3333,-0.2104,-7.5733,-0.1288
ETH/USDT,36,3.0,85,15,4,0.5013,210,41,21,20,0.5366,0.0498,2.0431,0.0343
ETH/USDT,36,3.0,80,20,4,0.5013,210,46,24,22,0.413,-0.0945,-4.3461,-0.0575
ETH/USDT,72,6.0,90,10,1,0.4048,108,21,11,10,0.381,-0.3676,-7.7206,-0.2642
ETH/USDT,72,6.0,85,15,1,0.4048,108,22,10,12,0.1818,-0.6949,-15.2889,-0.6818
ETH/USDT,72,6.0,80,20,1,0.4048,108,23,13,10,0.3043,-0.6787,-15.6106,-0.5544
ETH/USDT,72,6.0,90,10,2,0.5039,1,16,7,9,0.4375,0.2376,3.8016,0.1901
ETH/USDT,72,6.0,85,15,2,0.5039,1,20,9,11,0.55,0.5089,10.1787,0.3085
ETH/USDT,72,6.0,80,20,2,0.5039,1,20,11,9,0.35,-0.3865,-7.7299,-0.2389
ETH/USDT,72,6.0,90,10,3,0.5164,1,18,11,7,0.3889,-0.5895,-10.6115,-0.5019
ETH/USDT,72,6.0,85,15,3,0.5164,1,21,12,9,0.5238,0.0165,0.3467,0.0129
ETH/USDT,72,6.0,80,20,3,0.5164,1,23,11,12,0.6087,0.2025,4.6565,0.1623
ETH/USDT,72,6.0,90,10,4,0.5288,6,21,8,13,0.5714,0.6676,14.0191,0.328
ETH/USDT,72,6.0,85,15,4,0.5288,6,23,12,11,0.3043,-0.3546,-8.156,-0.1798
ETH/USDT,72,6.0,80,20,4,0.5288,6,23,13,10,0.3043,-0.657,-15.1111,-0.3644
ETH/USDT,144,12.0,90,10,1,0.5417,5,11,5,6,0.4545,-0.8634,-9.4973,-0.4695
ETH/USDT,144,12.0,85,15,1,0.5417,5,12,10,2,0.4167,-1.4265,-17.1176,-0.5926
ETH/USDT,144,12.0,80,20,1,0.5417,5,12,10,2,0.3333,-1.4788,-17.7457,-0.6241
ETH/USDT,144,12.0,90,10,2,0.4902,1,11,6,5,0.7273,0.2415,2.6564,0.1454
ETH/USDT,144,12.0,85,15,2,0.4902,1,12,5,7,0.8333,0.7287,8.744,0.5615
ETH/USDT,144,12.0,80,20,2,0.4902,1,12,5,7,0.75,0.4971,5.9652,0.3924
ETH/USDT,144,12.0,90,10,3,0.4917,12,12,7,5,0.3333,-0.4213,-5.0551,-0.1991
ETH/USDT,144,12.0,85,15,3,0.4917,12,12,7,5,0.6667,0.1248,1.4973,0.0661
ETH/USDT,144,12.0,80,20,3,0.4917,12,13,8,5,0.3077,-0.1046,-1.3593,-0.0567
ETH/USDT,144,12.0,90,10,4,0.6102,1,10,7,3,0.5,-0.4447,-4.4467,-0.1262
ETH/USDT,144,12.0,85,15,4,0.6102,1,12,6,6,0.6667,-0.3608,-4.3297,-0.1047
ETH/USDT,144,12.0,80,20,4,0.6102,1,12,6,6,0.6667,-0.3608,-4.3297,-0.1047
ETH/USDT,288,24.0,90,10,1,0.6172,32,6,4,2,0.5,-0.2723,-1.6339,-0.0786
ETH/USDT,288,24.0,85,15,1,0.6172,32,6,5,1,0.6667,-0.3063,-1.8377,-0.0971
ETH/USDT,288,24.0,80,20,1,0.6172,32,7,6,1,0.7143,0.6688,4.6817,0.2332
ETH/USDT,288,24.0,90,10,2,0.5594,2,6,2,4,0.1667,-0.345,-2.0698,-0.1277
ETH/USDT,288,24.0,85,15,2,0.5594,2,6,2,4,0.3333,-0.359,-2.1539,-0.1873
ETH/USDT,288,24.0,80,20,2,0.5594,2,7,3,4,0.5714,1.164,8.1482,0.5693
ETH/USDT,288,24.0,90,10,3,0.5099,1,6,3,3,0.3333,-0.5859,-3.5153,-0.244
ETH/USDT,288,24.0,85,15,3,0.5099,1,6,4,2,0.5,-1.4018,-8.4107,-0.5036
ETH/USDT,288,24.0,80,20,3,0.5099,1,6,2,4,0.5,-0.2979,-1.7872,-0.0972
ETH/USDT,288,24.0,90,10,4,0.6259,4,6,0,6,1.0,3.4371,20.6224,1.1729
ETH/USDT,288,24.0,85,15,4,0.6259,4,6,2,4,0.6667,-0.573,-3.4379,-0.1171
ETH/USDT,288,24.0,80,20,4,0.6259,4,6,2,4,0.6667,1.9555,11.7332,0.4195
SOL/USDT,6,0.5,90,10,1,0.4886,7,145,67,78,0.3172,-0.1789,-25.9353,-0.4483
SOL/USDT,6,0.5,85,15,1,0.4886,7,183,84,99,0.3443,-0.1778,-32.542,-0.3083
SOL/USDT,6,0.5,80,20,1,0.4886,7,218,103,115,0.3394,-0.173,-37.7059,-0.2923
SOL/USDT,6,0.5,90,10,2,0.4706,83,144,75,69,0.2917,-0.2113,-30.4279,-0.4135
SOL/USDT,6,0.5,85,15,2,0.4706,83,187,96,91,0.3155,-0.2092,-39.1212,-0.4226
SOL/USDT,6,0.5,80,20,2,0.4706,83,219,110,109,0.3242,-0.1818,-39.8172,-0.3731
SOL/USDT,6,0.5,90,10,3,0.5205,1,98,42,56,0.4184,-0.0983,-9.6339,-0.1606
SOL/USDT,6,0.5,85,15,3,0.5205,1,145,64,81,0.3931,-0.1132,-16.4087,-0.1876
SOL/USDT,6,0.5,80,20,3,0.5205,1,188,98,90,0.3989,-0.1059,-19.9126,-0.1799
SOL/USDT,6,0.5,90,10,4,0.4684,24,148,81,67,0.3581,-0.2516,-37.2432,-0.3143
SOL/USDT,6,0.5,85,15,4,0.4684,24,192,100,92,0.401,-0.2204,-42.3083,-0.2816
SOL/USDT,6,0.5,80,20,4,0.4684,24,213,112,101,0.3756,-0.2313,-49.2642,-0.2894
SOL/USDT,12,1.0,90,10,1,0.4483,6,85,47,38,0.3059,-0.2824,-24.0064,-0.3783
SOL/USDT,12,1.0,85,15,1,0.4483,6,109,55,54,0.3211,-0.2288,-24.9375,-0.2795
SOL/USDT,12,1.0,80,20,1,0.4483,6,117,58,59,0.3333,-0.2398,-28.058,-0.2978
SOL/USDT,12,1.0,90,10,2,0.4602,16,67,34,33,0.3134,-0.3514,-23.5433,-0.4725
SOL/USDT,12,1.0,85,15,2,0.4602,16,89,46,43,0.3483,-0.3214,-28.6003,-0.4338
SOL/USDT,12,1.0,80,20,2,0.4602,16,102,56,46,0.3824,-0.3158,-32.2091,-0.4389
SOL/USDT,12,1.0,90,10,3,0.5329,11,76,36,40,0.5,0.0735,5.5892,0.0915
SOL/USDT,12,1.0,85,15,3,0.5329,11,105,54,51,0.4667,-0.0271,-2.8444,-0.0331
SOL/USDT,12,1.0,80,20,3,0.5329,11,117,55,62,0.453,-0.0073,-0.8498,-0.0093
SOL/USDT,12,1.0,90,10,4,0.4808,44,78,42,36,0.4487,-0.1137,-8.8685,-0.0867
SOL/USDT,12,1.0,85,15,4,0.4808,44,98,55,43,0.4082,-0.2012,-19.7131,-0.1579
SOL/USDT,12,1.0,80,20,4,0.4808,44,114,60,54,0.4386,-0.2281,-26.0018,-0.198
SOL/USDT,36,3.0,90,10,1,0.4342,35,36,23,13,0.3889,-0.3581,-12.8914,-0.2725
SOL/USDT,36,3.0,85,15,1,0.4342,35,41,24,17,0.3902,-0.3654,-14.9822,-0.2986
SOL/USDT,36,3.0,80,20,1,0.4342,35,46,26,20,0.3261,-0.3396,-15.6211,-0.314
SOL/USDT,36,3.0,90,10,2,0.5202,2,33,20,13,0.4242,-0.0876,-2.8919,-0.0654
SOL/USDT,36,3.0,85,15,2,0.5202,2,38,24,14,0.3421,-0.4375,-16.6248,-0.3255
SOL/USDT,36,3.0,80,20,2,0.5202,2,43,23,20,0.3721,-0.3685,-15.8474,-0.2731
SOL/USDT,36,3.0,90,10,3,0.5399,2,38,18,20,0.6053,0.3157,11.9971,0.1991
SOL/USDT,36,3.0,85,15,3,0.5399,2,39,15,24,0.641,0.3072,11.979,0.2214
SOL/USDT,36,3.0,80,20,3,0.5399,2,44,20,24,0.5909,0.3291,14.4812,0.2266
SOL/USDT,36,3.0,90,10,4,0.4803,3,32,16,16,0.4688,-0.1181,-3.7802,-0.0834
SOL/USDT,36,3.0,85,15,4,0.4803,3,40,20,20,0.425,-0.0911,-3.6452,-0.0585
SOL/USDT,36,3.0,80,20,4,0.4803,3,44,24,20,0.4091,-0.1032,-4.539,-0.06
SOL/USDT,72,6.0,90,10,1,0.4958,1,13,6,7,0.3846,-0.2351,-3.0569,-0.2095
SOL/USDT,72,6.0,85,15,1,0.4958,1,19,10,9,0.4737,0.1358,2.581,0.0988
SOL/USDT,72,6.0,80,20,1,0.4958,1,21,13,8,0.619,0.6145,12.9048,0.3472
SOL/USDT,72,6.0,90,10,2,0.4728,2,19,9,10,0.4737,-0.0686,-1.3025,-0.0358
SOL/USDT,72,6.0,85,15,2,0.4728,2,23,13,10,0.3478,-0.507,-11.6613,-0.2838
SOL/USDT,72,6.0,80,20,2,0.4728,2,24,11,13,0.4167,-0.4559,-10.9417,-0.2894
SOL/USDT,72,6.0,90,10,3,0.5069,2,19,13,6,0.6842,0.5925,11.2578,0.509
SOL/USDT,72,6.0,85,15,3,0.5069,2,22,13,9,0.4545,-0.096,-2.1127,-0.0577
SOL/USDT,72,6.0,80,20,3,0.5069,2,23,14,9,0.5217,0.1006,2.3149,0.0602
SOL/USDT,72,6.0,90,10,4,0.4763,48,17,9,8,0.4706,-0.6302,-10.7127,-0.3181
SOL/USDT,72,6.0,85,15,4,0.4763,48,21,11,10,0.5238,0.1044,2.1933,0.0561
SOL/USDT,72,6.0,80,20,4,0.4763,48,23,11,12,0.4348,-0.27,-6.2093,-0.1476
SOL/USDT,144,12.0,90,10,1,0.5055,1,11,4,7,0.5455,-0.1955,-2.151,-0.0929
SOL/USDT,144,12.0,85,15,1,0.5055,1,12,5,7,0.5833,-0.1003,-1.2033,-0.0504
SOL/USDT,144,12.0,80,20,1,0.5055,1,12,6,6,0.6667,0.2959,3.551,0.163
SOL/USDT,144,12.0,90,10,2,0.4963,4,12,8,4,0.4167,-0.0241,-0.2887,-0.0086
SOL/USDT,144,12.0,85,15,2,0.4963,4,13,8,5,0.5385,0.111,1.4427,0.0407
SOL/USDT,144,12.0,80,20,2,0.4963,4,13,8,5,0.5385,0.1292,1.6798,0.0474
SOL/USDT,144,12.0,90,10,3,0.4335,8,11,10,1,0.4545,-0.0778,-0.8555,-0.0843
SOL/USDT,144,12.0,85,15,3,0.4335,8,12,9,3,0.5833,0.4757,5.7079,0.2981
SOL/USDT,144,12.0,80,20,3,0.4335,8,12,10,2,0.5,0.2263,2.7161,0.1247
SOL/USDT,144,12.0,90,10,4,0.5885,2,11,5,6,0.6364,0.1927,2.1202,0.0789
SOL/USDT,144,12.0,85,15,4,0.5885,2,12,9,3,0.3333,-1.5841,-19.0088,-0.663
SOL/USDT,144,12.0,80,20,4,0.5885,2,13,5,8,0.6154,0.095,1.2347,0.0354
SOL/USDT,288,24.0,90,10,1,0.4892,1,6,5,1,0.5,-0.0612,-0.3673,-0.024
SOL/USDT,288,24.0,85,15,1,0.4892,1,6,5,1,0.5,-0.1417,-0.85,-0.0543
SOL/USDT,288,24.0,80,20,1,0.4892,1,6,4,2,0.6667,0.9832,5.8995,0.3348
SOL/USDT,288,24.0,90,10,2,0.4152,7,6,2,4,0.6667,2.5927,15.5563,0.8265
SOL/USDT,288,24.0,85,15,2,0.4152,7,6,3,3,0.8333,2.559,15.3539,1.1528
SOL/USDT,288,24.0,80,20,2,0.4152,7,6,4,2,1.0,2.7104,16.2622,1.5047
SOL/USDT,288,24.0,90,10,3,0.4491,1,6,4,2,0.3333,0.2579,1.5474,0.1127
SOL/USDT,288,24.0,85,15,3,0.4491,1,6,4,2,0.5,0.3997,2.3983,0.1758
SOL/USDT,288,24.0,80,20,3,0.4491,1,7,2,5,0.4286,-1.0025,-7.0176,-0.4514
SOL/USDT,288,24.0,90,10,4,0.6321,8,6,2,4,0.6667,3.0094,18.0564,0.5267
SOL/USDT,288,24.0,85,15,4,0.6321,8,6,4,2,0.3333,-0.7328,-4.3966,-0.1387
SOL/USDT,288,24.0,80,20,4,0.6321,8,6,4,2,0.3333,-2.7313,-16.388,-0.6693
DOGE/USDT,6,0.5,90,10,1,0.5176,108,152,76,76,0.3092,-0.1567,-23.8125,-0.4149
DOGE/USDT,6,0.5,85,15,1,0.5176,108,183,93,90,0.3005,-0.1611,-29.4849,-0.4106
DOGE/USDT,6,0.5,80,20,1,0.5176,108,212,111,101,0.2783,-0.1634,-34.6441,-0.383
DOGE/USDT,6,0.5,90,10,2,0.5348,3,131,70,61,0.3511,-0.1275,-16.7016,-0.3508
DOGE/USDT,6,0.5,85,15,2,0.5348,3,182,99,83,0.3462,-0.1049,-19.0864,-0.2775
DOGE/USDT,6,0.5,80,20,2,0.5348,3,211,114,97,0.3318,-0.1049,-22.1294,-0.2702
DOGE/USDT,6,0.5,90,10,3,0.4881,6,155,72,83,0.3355,-0.1801,-27.9208,-0.3349
DOGE/USDT,6,0.5,85,15,3,0.4881,6,191,89,102,0.3246,-0.2127,-40.6206,-0.4134
DOGE/USDT,6,0.5,80,20,3,0.4881,6,217,103,114,0.3364,-0.1966,-42.673,-0.3362
DOGE/USDT,6,0.5,90,10,4,0.5218,239,140,75,65,0.4571,-0.0762,-10.6749,-0.101
DOGE/USDT,6,0.5,85,15,4,0.5218,239,176,100,76,0.4659,-0.0888,-15.6223,-0.1206
DOGE/USDT,6,0.5,80,20,4,0.5218,239,198,111,87,0.4747,-0.0661,-13.0959,-0.0907
DOGE/USDT,12,1.0,90,10,1,0.5186,1,65,32,33,0.3077,-0.2342,-15.2244,-0.3649
DOGE/USDT,12,1.0,85,15,1,0.5186,1,81,42,39,0.2963,-0.2308,-18.6984,-0.3554
DOGE/USDT,12,1.0,80,20,1,0.5186,1,98,49,49,0.3776,-0.1334,-13.0703,-0.2148
DOGE/USDT,12,1.0,90,10,2,0.5343,47,80,49,31,0.35,-0.1611,-12.8877,-0.3501
DOGE/USDT,12,1.0,85,15,2,0.5343,47,97,51,46,0.3608,-0.1299,-12.6007,-0.2447
DOGE/USDT,12,1.0,80,20,2,0.5343,47,113,59,54,0.3451,-0.0972,-10.983,-0.1848
DOGE/USDT,12,1.0,90,10,3,0.5462,1,57,32,25,0.5614,0.0874,4.9825,0.1211
DOGE/USDT,12,1.0,85,15,3,0.5462,1,69,36,33,0.5362,0.0008,0.0522,0.001
DOGE/USDT,12,1.0,80,20,3,0.5462,1,84,42,42,0.4405,-0.1066,-8.9574,-0.1533
DOGE/USDT,12,1.0,90,10,4,0.4981,1,65,33,32,0.4,-0.1613,-10.4819,-0.2017
DOGE/USDT,12,1.0,85,15,4,0.4981,1,85,43,42,0.4471,-0.1314,-11.1665,-0.1619
DOGE/USDT,12,1.0,80,20,4,0.4981,1,98,48,50,0.4286,-0.1157,-11.3412,-0.1354
DOGE/USDT,36,3.0,90,10,1,0.4517,27,35,20,15,0.3429,-0.5298,-18.5432,-0.4492
DOGE/USDT,36,3.0,85,15,1,0.4517,27,39,21,18,0.4103,-0.4054,-15.8087,-0.3265
DOGE/USDT,36,3.0,80,20,1,0.4517,27,43,23,20,0.3721,-0.4152,-17.8535,-0.3564
DOGE/USDT,36,3.0,90,10,2,0.4941,2,34,19,15,0.4412,-0.1859,-6.3213,-0.2038
DOGE/USDT,36,3.0,85,15,2,0.4941,2,42,24,18,0.5,-0.001,-0.0405,-0.0009
DOGE/USDT,36,3.0,80,20,2,0.4941,2,43,25,18,0.5116,0.0095,0.4097,0.0094
DOGE/USDT,36,3.0,90,10,3,0.5694,2,32,15,17,0.5,-0.1478,-4.7295,-0.1224
DOGE/USDT,36,3.0,85,15,3,0.5694,2,37,23,14,0.5676,0.1317,4.8726,0.1308
DOGE/USDT,36,3.0,80,20,3,0.5694,2,42,21,21,0.5714,0.1538,6.4596,0.1565
DOGE/USDT,36,3.0,90,10,4,0.5403,3,36,23,13,0.4722,-0.053,-1.9078,-0.0365
DOGE/USDT,36,3.0,85,15,4,0.5403,3,40,21,19,0.575,0.215,8.6015,0.1524
DOGE/USDT,36,3.0,80,20,4,0.5403,3,46,23,23,0.5652,0.0708,3.2572,0.0669
DOGE/USDT,72,6.0,90,10,1,0.4486,1,19,8,11,0.3684,-0.0667,-1.2673,-0.0468
DOGE/USDT,72,6.0,85,15,1,0.4486,1,21,11,10,0.2381,-0.5313,-11.1564,-0.485
DOGE/USDT,72,6.0,80,20,1,0.4486,1,22,11,11,0.1818,-1.0602,-23.3251,-0.6622
DOGE/USDT,72,6.0,90,10,2,0.5214,1,18,12,6,0.2222,-0.3999,-7.1976,-0.3926
DOGE/USDT,72,6.0,85,15,2,0.5214,1,21,16,5,0.2857,-0.2715,-5.7009,-0.2167
DOGE/USDT,72,6.0,80,20,2,0.5214,1,21,15,6,0.3333,-0.2907,-6.1037,-0.2314
DOGE/USDT,72,6.0,90,10,3,0.56,2,20,11,9,0.45,-0.138,-2.7591,-0.1157
DOGE/USDT,72,6.0,85,15,3,0.56,2,22,11,11,0.3182,-0.4564,-10.0402,-0.2821
DOGE/USDT,72,6.0,80,20,3,0.56,2,23,14,9,0.4348,0.022,0.5063,0.0128
DOGE/USDT,72,6.0,90,10,4,0.5037,3,19,10,9,0.2632,-0.7666,-14.5648,-0.4745
DOGE/USDT,72,6.0,85,15,4,0.5037,3,22,7,15,0.5909,0.4276,9.4072,0.2251
DOGE/USDT,72,6.0,80,20,4,0.5037,3,24,11,13,0.4167,-0.0487,-1.169,-0.0254
DOGE/USDT,144,12.0,90,10,1,0.5228,5,12,9,3,0.5833,-0.2541,-3.0487,-0.1356
DOGE/USDT,144,12.0,85,15,1,0.5228,5,12,10,2,0.5,-0.8532,-10.239,-0.5078
DOGE/USDT,144,12.0,80,20,1,0.5228,5,12,6,6,0.5833,-0.6163,-7.3957,-0.2474
DOGE/USDT,144,12.0,90,10,2,0.5505,2,12,8,4,0.5,0.1032,1.2387,0.0695
DOGE/USDT,144,12.0,85,15,2,0.5505,2,12,9,3,0.5,0.2896,3.4756,0.1869
DOGE/USDT,144,12.0,80,20,2,0.5505,2,13,8,5,0.6154,0.296,3.8484,0.2226
DOGE/USDT,144,12.0,90,10,3,0.4915,1,11,4,7,0.6364,-0.1425,-1.5678,-0.1027
DOGE/USDT,144,12.0,85,15,3,0.4915,1,12,6,6,0.75,0.8778,10.5334,0.662
DOGE/USDT,144,12.0,80,20,3,0.4915,1,12,6,6,0.75,0.8778,10.5334,0.662
DOGE/USDT,144,12.0,90,10,4,0.4968,1,11,4,7,0.4545,-0.4012,-4.4131,-0.1636
DOGE/USDT,144,12.0,85,15,4,0.4968,1,12,4,8,0.6667,0.7977,9.5726,0.3551
DOGE/USDT,144,12.0,80,20,4,0.4968,1,12,5,7,0.5833,-0.1367,-1.64,-0.0549
DOGE/USDT,288,24.0,90,10,1,0.5681,212,6,4,2,0.1667,-0.9025,-5.4148,-0.384
DOGE/USDT,288,24.0,85,15,1,0.5681,212,7,2,5,0.4286,0.9295,6.5065,0.3048
DOGE/USDT,288,24.0,80,20,1,0.5681,212,7,2,5,0.4286,0.805,5.635,0.2726
DOGE/USDT,288,24.0,90,10,2,0.5819,2,7,4,3,0.7143,1.0735,7.5148,0.7197
DOGE/USDT,288,24.0,85,15,2,0.5819,2,7,4,3,0.7143,1.072,7.5038,0.7208
DOGE/USDT,288,24.0,80,20,2,0.5819,2,7,4,3,0.7143,1.072,7.5038,0.7208
DOGE/USDT,288,24.0,90,10,3,0.5108,1,6,4,2,0.5,0.8635,5.1809,0.3495
DOGE/USDT,288,24.0,85,15,3,0.5108,1,6,5,1,0.6667,1.3539,8.1236,0.5612
DOGE/USDT,288,24.0,80,20,3,0.5108,1,6,3,3,0.6667,0.9617,5.7701,0.4002
DOGE/USDT,288,24.0,90,10,4,0.5078,1,6,2,4,0.5,0.0608,0.3647,0.0169
DOGE/USDT,288,24.0,85,15,4,0.5078,1,6,2,4,0.6667,1.9815,11.8889,0.7646
DOGE/USDT,288,24.0,80,20,4,0.5078,1,6,4,2,0.3333,-0.7691,-4.6148,-0.2325
AVAX/USDT,6,0.5,90,10,1,0.5074,36,145,77,68,0.4,-0.1815,-26.3121,-0.2169
AVAX/USDT,6,0.5,85,15,1,0.5074,36,185,99,86,0.4216,-0.1661,-30.7376,-0.2268
AVAX/USDT,6,0.5,80,20,1,0.5074,36,216,112,104,0.412,-0.2062,-44.5324,-0.2886
AVAX/USDT,6,0.5,90,10,2,0.5196,15,141,61,80,0.305,-0.1701,-23.9901,-0.3142
AVAX/USDT,6,0.5,85,15,2,0.5196,15,173,74,99,0.2775,-0.1951,-33.7593,-0.3499
AVAX/USDT,6,0.5,80,20,2,0.5196,15,206,92,114,0.301,-0.1779,-36.6515,-0.3217
AVAX/USDT,6,0.5,90,10,3,0.5064,1,100,46,54,0.35,-0.2311,-23.1097,-0.3903
AVAX/USDT,6,0.5,85,15,3,0.5064,1,132,63,69,0.3333,-0.21,-27.7225,-0.3624
AVAX/USDT,6,0.5,80,20,3,0.5064,1,163,80,83,0.3252,-0.2196,-35.79,-0.3805
AVAX/USDT,6,0.5,90,10,4,0.5339,5,145,71,74,0.5103,-0.121,-17.5446,-0.1447
AVAX/USDT,6,0.5,85,15,4,0.5339,5,171,76,95,0.4737,-0.1046,-17.8825,-0.1221
AVAX/USDT,6,0.5,80,20,4,0.5339,5,203,93,110,0.4729,-0.0924,-18.7638,-0.1103
AVAX/USDT,12,1.0,90,10,1,0.51,12,74,38,36,0.4189,-0.3615,-26.7481,-0.3591
AVAX/USDT,12,1.0,85,15,1,0.51,12,94,48,46,0.383,-0.3347,-31.464,-0.3261
AVAX/USDT,12,1.0,80,20,1,0.51,12,111,56,55,0.3333,-0.3718,-41.2648,-0.4047
AVAX/USDT,12,1.0,90,10,2,0.5375,108,77,38,39,0.3896,-0.1594,-12.277,-0.1879
AVAX/USDT,12,1.0,85,15,2,0.5375,108,95,44,51,0.4316,-0.1557,-14.7957,-0.1839
AVAX/USDT,12,1.0,80,20,2,0.5375,108,113,48,65,0.4513,-0.1473,-16.6443,-0.166
AVAX/USDT,12,1.0,90,10,3,0.5946,15,75,38,37,0.5467,0.0447,3.349,0.058
AVAX/USDT,12,1.0,85,15,3,0.5946,15,104,55,49,0.4327,-0.0805,-8.3728,-0.1011
AVAX/USDT,12,1.0,80,20,3,0.5946,15,116,58,58,0.5259,0.0071,0.8194,0.0083
AVAX/USDT,12,1.0,90,10,4,0.5379,1,48,26,22,0.3542,-0.3068,-14.7264,-0.3058
AVAX/USDT,12,1.0,85,15,4,0.5379,1,71,38,33,0.3803,-0.0978,-6.9417,-0.0898
AVAX/USDT,12,1.0,80,20,4,0.5379,1,89,50,39,0.3933,-0.065,-5.787,-0.0539
AVAX/USDT,36,3.0,90,10,1,0.5212,11,39,20,19,0.4872,-0.2289,-8.9257,-0.1572
AVAX/USDT,36,3.0,85,15,1,0.5212,11,43,21,22,0.5349,0.1384,5.9531,0.0806
AVAX/USDT,36,3.0,80,20,1,0.5212,11,44,19,25,0.5227,-0.2077,-9.1376,-0.1414
AVAX/USDT,36,3.0,90,10,2,0.5139,2,36,16,20,0.3889,-0.0856,-3.0804,-0.0555
AVAX/USDT,36,3.0,85,15,2,0.5139,2,38,19,19,0.3947,-0.0317,-1.2054,-0.0208
AVAX/USDT,36,3.0,80,20,2,0.5139,2,43,21,22,0.3488,-0.2612,-11.2329,-0.1786
AVAX/USDT,36,3.0,90,10,3,0.5047,1,30,14,16,0.4333,-0.2321,-6.9616,-0.1654
AVAX/USDT,36,3.0,85,15,3,0.5047,1,36,18,18,0.4444,-0.2875,-10.3488,-0.2183
AVAX/USDT,36,3.0,80,20,3,0.5047,1,43,23,20,0.5349,-0.1333,-5.7329,-0.1059
AVAX/USDT,36,3.0,90,10,4,0.5255,26,33,17,16,0.5152,0.1179,3.8915,0.0699
AVAX/USDT,36,3.0,85,15,4,0.5255,26,38,20,18,0.5526,0.3018,11.4676,0.2012
AVAX/USDT,36,3.0,80,20,4,0.5255,26,43,23,20,0.4884,-0.3157,-13.5759,-0.1367
AVAX/USDT,72,6.0,90,10,1,0.466,37,21,14,7,0.4286,-0.7999,-16.7982,-0.3778
AVAX/USDT,72,6.0,85,15,1,0.466,37,23,12,11,0.3913,-0.3356,-7.7199,-0.2071
AVAX/USDT,72,6.0,80,20,1,0.466,37,24,12,12,0.5417,-0.0425,-1.0199,-0.0241
AVAX/USDT,72,6.0,90,10,2,0.4975,2,21,11,10,0.5238,0.0362,0.7609,0.0193
AVAX/USDT,72,6.0,85,15,2,0.4975,2,22,13,9,0.4545,-0.0024,-0.0533,-0.0012
AVAX/USDT,72,6.0,80,20,2,0.4975,2,24,17,7,0.375,-0.1722,-4.1337,-0.0938
AVAX/USDT,72,6.0,90,10,3,0.5028,1,18,8,10,0.6111,0.4229,7.6127,0.3148
AVAX/USDT,72,6.0,85,15,3,0.5028,1,20,10,10,0.45,-0.0919,-1.8386,-0.0624
AVAX/USDT,72,6.0,80,20,3,0.5028,1,22,7,15,0.5,-0.1443,-3.1751,-0.1198
AVAX/USDT,72,6.0,90,10,4,0.4796,2,21,13,8,0.3333,-0.5187,-10.8929,-0.1937
AVAX/USDT,72,6.0,85,15,4,0.4796,2,23,13,10,0.3913,-0.2721,-6.2587,-0.1373
AVAX/USDT,72,6.0,80,20,4,0.4796,2,25,13,12,0.4,-0.5151,-12.8765,-0.2567
AVAX/USDT,144,12.0,90,10,1,0.448,1,10,4,6,0.6,0.3675,3.6749,0.165
AVAX/USDT,144,12.0,85,15,1,0.448,1,11,6,5,0.6364,0.531,5.8414,0.2566
AVAX/USDT,144,12.0,80,20,1,0.448,1,12,7,5,0.5,0.7122,8.5464,0.3621
AVAX/USDT,144,12.0,90,10,2,0.52,3,12,3,9,0.75,1.1201,13.4411,0.569
AVAX/USDT,144,12.0,85,15,2,0.52,3,12,3,9,0.6667,1.0426,12.511,0.5311
AVAX/USDT,144,12.0,80,20,2,0.52,3,12,6,6,0.4167,0.0703,0.8435,0.0256
AVAX/USDT,144,12.0,90,10,3,0.4649,1,10,6,4,0.2,-0.7687,-7.6868,-0.5777
AVAX/USDT,144,12.0,85,15,3,0.4649,1,11,5,6,0.6364,0.2523,2.7758,0.1428
AVAX/USDT,144,12.0,80,20,3,0.4649,1,12,6,6,0.5,-0.2294,-2.7522,-0.175
AVAX/USDT,144,12.0,90,10,4,0.4371,1,11,4,7,0.5455,-0.6712,-7.3829,-0.2133
AVAX/USDT,144,12.0,85,15,4,0.4371,1,12,5,7,0.5,-0.5036,-6.0426,-0.1685
AVAX/USDT,144,12.0,80,20,4,0.4371,1,12,5,7,0.5,-0.4463,-5.3553,-0.1469
AVAX/USDT,288,24.0,90,10,1,0.5329,16,6,4,2,0.6667,1.2939,7.7634,0.3774
AVAX/USDT,288,24.0,85,15,1,0.5329,16,6,4,2,0.8333,1.2756,7.6538,0.3703
AVAX/USDT,288,24.0,80,20,1,0.5329,16,6,3,3,0.5,0.2634,1.5802,0.0694
AVAX/USDT,288,24.0,90,10,2,0.55,1,6,4,2,0.8333,0.7476,4.4858,0.5082
AVAX/USDT,288,24.0,85,15,2,0.55,1,6,3,3,1.0,1.3237,7.9422,1.9977
AVAX/USDT,288,24.0,80,20,2,0.55,1,6,3,3,1.0,1.3758,8.2546,1.9847
AVAX/USDT,288,24.0,90,10,3,0.6257,1,7,1,6,0.8571,0.3545,2.4815,0.3369
AVAX/USDT,288,24.0,85,15,3,0.6257,1,7,2,5,0.7143,0.2122,1.4856,0.1822
AVAX/USDT,288,24.0,80,20,3,0.6257,1,7,3,4,0.5714,-0.1882,-1.3175,-0.123
AVAX/USDT,288,24.0,90,10,4,0.3567,4,6,3,3,0.3333,-2.3925,-14.3552,-0.395
AVAX/USDT,288,24.0,85,15,4,0.3567,4,6,3,3,0.5,0.0247,0.1479,0.0041
AVAX/USDT,288,24.0,80,20,4,0.3567,4,6,3,3,0.3333,-0.1432,-0.8592,-0.0238
LINK/USDT,6,0.5,90,10,1,0.5588,61,143,72,71,0.4196,-0.114,-16.3047,-0.2288
LINK/USDT,6,0.5,85,15,1,0.5588,61,176,87,89,0.4091,-0.1186,-20.875,-0.2532
LINK/USDT,6,0.5,80,20,1,0.5588,61,212,105,107,0.3962,-0.1199,-25.4292,-0.2611
LINK/USDT,6,0.5,90,10,2,0.5025,3,146,88,58,0.3288,-0.1496,-21.8426,-0.3313
LINK/USDT,6,0.5,85,15,2,0.5025,3,178,92,86,0.3539,-0.1615,-28.7517,-0.336
LINK/USDT,6,0.5,80,20,2,0.5025,3,207,107,100,0.3623,-0.154,-31.8762,-0.3286
LINK/USDT,6,0.5,90,10,3,0.4922,6,142,70,72,0.4014,-0.1162,-16.5046,-0.2068
LINK/USDT,6,0.5,85,15,3,0.4922,6,183,95,88,0.4098,-0.1132,-20.7195,-0.1972
LINK/USDT,6,0.5,80,20,3,0.4922,6,223,113,110,0.3677,-0.137,-30.5611,-0.2368
LINK/USDT,6,0.5,90,10,4,0.4767,4,141,66,75,0.383,-0.145,-20.4492,-0.181
LINK/USDT,6,0.5,85,15,4,0.4767,4,187,88,99,0.4332,-0.0717,-13.411,-0.0939
LINK/USDT,6,0.5,80,20,4,0.4767,4,222,107,115,0.3784,-0.152,-33.7435,-0.2064
LINK/USDT,12,1.0,90,10,1,0.5136,2,72,36,36,0.25,-0.2482,-17.8722,-0.353
LINK/USDT,12,1.0,85,15,1,0.5136,2,86,39,47,0.3023,-0.2005,-17.2405,-0.2934
LINK/USDT,12,1.0,80,20,1,0.5136,2,92,41,51,0.3478,-0.1884,-17.3345,-0.2707
LINK/USDT,12,1.0,90,10,2,0.5021,33,79,38,41,0.3671,-0.1853,-14.6423,-0.2477
LINK/USDT,12,1.0,85,15,2,0.5021,33,100,49,51,0.36,-0.1565,-15.648,-0.2137
LINK/USDT,12,1.0,80,20,2,0.5021,33,114,53,61,0.3246,-0.1715,-19.5453,-0.2358
LINK/USDT,12,1.0,90,10,3,0.4968,2,74,32,42,0.3784,-0.1266,-9.3682,-0.1584
LINK/USDT,12,1.0,85,15,3,0.4968,2,99,53,46,0.3939,-0.1168,-11.5678,-0.1578
LINK/USDT,12,1.0,80,20,3,0.4968,2,110,60,50,0.4091,-0.0929,-10.2147,-0.117
LINK/USDT,12,1.0,90,10,4,0.5019,17,72,33,39,0.4306,-0.0093,-0.6685,-0.0083
LINK/USDT,12,1.0,85,15,4,0.5019,17,95,44,51,0.4632,-0.0291,-2.7669,-0.0252
LINK/USDT,12,1.0,80,20,4,0.5019,17,110,57,53,0.4818,-0.09,-9.8997,-0.0854
LINK/USDT,36,3.0,90,10,1,0.5378,29,36,17,19,0.4444,-0.1013,-3.6485,-0.1208
LINK/USDT,36,3.0,85,15,1,0.5378,29,43,22,21,0.4651,-0.2326,-10.0033,-0.2185
LINK/USDT,36,3.0,80,20,1,0.5378,29,45,21,24,0.4444,-0.314,-14.1294,-0.3148
LINK/USDT,36,3.0,90,10,2,0.4803,14,35,17,18,0.2571,-0.2991,-10.468,-0.2436
LINK/USDT,36,3.0,85,15,2,0.4803,14,41,16,25,0.3415,-0.4205,-17.2422,-0.359
LINK/USDT,36,3.0,80,20,2,0.4803,14,45,18,27,0.3778,-0.2813,-12.6583,-0.2257
LINK/USDT,36,3.0,90,10,3,0.5042,2,39,16,23,0.4103,-0.2587,-10.089,-0.1952
LINK/USDT,36,3.0,85,15,3,0.5042,2,41,20,21,0.3415,-0.3386,-13.8831,-0.282
LINK/USDT,36,3.0,80,20,3,0.5042,2,44,22,22,0.3864,-0.0607,-2.6704,-0.0576
LINK/USDT,36,3.0,90,10,4,0.5031,53,35,17,18,0.4857,-0.0305,-1.0664,-0.02
LINK/USDT,36,3.0,85,15,4,0.5031,53,38,20,18,0.3684,-0.3178,-12.0762,-0.2049
LINK/USDT,36,3.0,80,20,4,0.5031,53,43,24,19,0.4651,0.1166,5.0142,0.0766
LINK/USDT,72,6.0,90,10,1,0.4766,1,17,6,11,0.4118,0.1518,2.5802,0.0919
LINK/USDT,72,6.0,85,15,1,0.4766,1,18,8,10,0.3889,0.0809,1.4565,0.0497
LINK/USDT,72,6.0,80,20,1,0.4766,1,18,9,9,0.4444,0.3098,5.5759,0.188
LINK/USDT,72,6.0,90,10,2,0.4734,1,19,11,8,0.2632,-0.6594,-12.5291,-0.5006
LINK/USDT,72,6.0,85,15,2,0.4734,1,20,10,10,0.5,-0.0328,-0.6557,-0.0201
LINK/USDT,72,6.0,80,20,2,0.4734,1,21,9,12,0.5714,0.1873,3.9341,0.1115
LINK/USDT,72,6.0,90,10,3,0.3896,15,21,11,10,0.3333,-0.5194,-10.9072,-0.3266
LINK/USDT,72,6.0,85,15,3,0.3896,15,23,13,10,0.4348,-0.0671,-1.5444,-0.0439
LINK/USDT,72,6.0,80,20,3,0.3896,15,23,14,9,0.4348,-0.1264,-2.9075,-0.0838
LINK/USDT,72,6.0,90,10,4,0.4524,4,22,10,12,0.4091,-0.7222,-15.8873,-0.2975
LINK/USDT,72,6.0,85,15,4,0.4524,4,22,9,13,0.4545,-0.3764,-8.2815,-0.1593
LINK/USDT,72,6.0,80,20,4,0.4524,4,23,11,12,0.4783,-0.1351,-3.1077,-0.0724
LINK/USDT,144,12.0,90,10,1,0.504,1,10,7,3,0.4,-0.4393,-4.393,-0.2863
LINK/USDT,144,12.0,85,15,1,0.504,1,12,8,4,0.25,-0.4826,-5.7915,-0.2695
LINK/USDT,144,12.0,80,20,1,0.504,1,12,8,4,0.3333,-0.9449,-11.3385,-0.4442
LINK/USDT,144,12.0,90,10,2,0.5415,2,12,7,5,0.4167,-0.424,-5.0875,-0.2372
LINK/USDT,144,12.0,85,15,2,0.5415,2,12,9,3,0.4167,0.4894,5.8734,0.2369
LINK/USDT,144,12.0,80,20,2,0.5415,2,13,9,4,0.5385,0.6266,8.1463,0.3097
LINK/USDT,144,12.0,90,10,3,0.49,2,11,6,5,0.4545,0.0005,0.0059,0.0003
LINK/USDT,144,12.0,85,15,3,0.49,2,12,6,6,0.25,-1.421,-17.0519,-0.9386
LINK/USDT,144,12.0,80,20,3,0.49,2,13,4,9,0.3846,0.3523,4.5802,0.188
LINK/USDT,144,12.0,90,10,4,0.5371,1,11,9,2,0.3636,-1.179,-12.9687,-0.3386
LINK/USDT,144,12.0,85,15,4,0.5371,1,12,7,5,0.5833,-0.5392,-6.4707,-0.1557
LINK/USDT,144,12.0,80,20,4,0.5371,1,12,7,5,0.5833,-0.6027,-7.232,-0.1791
LINK/USDT,288,24.0,90,10,1,0.5798,1,6,4,2,0.5,-0.0353,-0.2117,-0.0164
LINK/USDT,288,24.0,85,15,1,0.5798,1,6,4,2,0.5,-0.0351,-0.2108,-0.0163
LINK/USDT,288,24.0,80,20,1,0.5798,1,6,5,1,0.3333,-1.6255,-9.7532,-0.6274
LINK/USDT,288,24.0,90,10,2,0.5532,1,6,3,3,0.5,0.9477,5.6865,0.3231
LINK/USDT,288,24.0,85,15,2,0.5532,1,6,2,4,0.3333,-1.3284,-7.9702,-0.4383
LINK/USDT,288,24.0,80,20,2,0.5532,1,6,3,3,0.1667,-2.0963,-12.578,-0.8122
LINK/USDT,288,24.0,90,10,3,0.4436,1,6,2,4,0.5,0.3433,2.0599,0.1172
LINK/USDT,288,24.0,85,15,3,0.4436,1,6,2,4,0.5,0.3433,2.0599,0.1172
LINK/USDT,288,24.0,80,20,3,0.4436,1,6,1,5,0.5,0.2294,1.3764,0.0794
LINK/USDT,288,24.0,90,10,4,0.4823,1,6,2,4,0.6667,0.9156,5.4937,0.2282
LINK/USDT,288,24.0,85,15,4,0.4823,1,6,1,5,0.6667,2.7314,16.3886,0.7567
LINK/USDT,288,24.0,80,20,4,0.4823,1,6,1,5,0.6667,3.1453,18.872,0.769
XRP/USDT,6,0.5,90,10,1,0.5125,2,101,53,48,0.3564,-0.0785,-7.9282,-0.2031
XRP/USDT,6,0.5,85,15,1,0.5125,2,137,71,66,0.2993,-0.1202,-16.4615,-0.2844
XRP/USDT,6,0.5,80,20,1,0.5125,2,167,85,82,0.2994,-0.1645,-27.4793,-0.3071
XRP/USDT,6,0.5,90,10,2,0.4948,3,131,69,62,0.3664,-0.1595,-20.8941,-0.3082
XRP/USDT,6,0.5,85,15,2,0.4948,3,172,87,85,0.343,-0.1292,-22.2144,-0.2889
XRP/USDT,6,0.5,80,20,2,0.4948,3,201,105,96,0.3433,-0.1148,-23.0673,-0.2627
XRP/USDT,6,0.5,90,10,3,0.501,4,144,70,74,0.3889,-0.1576,-22.6877,-0.34
XRP/USDT,6,0.5,85,15,3,0.501,4,176,82,94,0.375,-0.1542,-27.1461,-0.3271
XRP/USDT,6,0.5,80,20,3,0.501,4,203,91,112,0.3842,-0.1329,-26.9795,-0.2603
XRP/USDT,6,0.5,90,10,4,0.5235,53,133,64,69,0.4211,-0.1131,-15.0428,-0.1748
XRP/USDT,6,0.5,85,15,4,0.5235,53,166,83,83,0.4096,-0.0958,-15.9015,-0.1532
XRP/USDT,6,0.5,80,20,4,0.5235,53,194,96,98,0.4124,-0.0948,-18.3853,-0.1515
XRP/USDT,12,1.0,90,10,1,0.4787,6,86,43,43,0.2907,-0.1834,-15.7683,-0.4278
XRP/USDT,12,1.0,85,15,1,0.4787,6,102,55,47,0.3529,-0.1503,-15.3335,-0.3364
XRP/USDT,12,1.0,80,20,1,0.4787,6,114,61,53,0.3246,-0.1728,-19.6948,-0.3634
XRP/USDT,12,1.0,90,10,2,0.5223,1,54,23,31,0.537,-0.0972,-5.2476,-0.1204
XRP/USDT,12,1.0,85,15,2,0.5223,1,70,34,36,0.4143,-0.1357,-9.502,-0.1876
XRP/USDT,12,1.0,80,20,2,0.5223,1,83,37,46,0.4217,-0.1528,-12.68,-0.2137
XRP/USDT,12,1.0,90,10,3,0.5126,101,82,44,38,0.4024,-0.0562,-4.6076,-0.0834
XRP/USDT,12,1.0,85,15,3,0.5126,101,99,53,46,0.3838,-0.1196,-11.8407,-0.1812
XRP/USDT,12,1.0,80,20,3,0.5126,101,122,63,59,0.377,-0.1209,-14.7534,-0.1625
XRP/USDT,12,1.0,90,10,4,0.5524,61,83,42,41,0.4217,-0.048,-3.9851,-0.0447
XRP/USDT,12,1.0,85,15,4,0.5524,61,101,53,48,0.4158,-0.1014,-10.2459,-0.1002
XRP/USDT,12,1.0,80,20,4,0.5524,61,114,56,58,0.4298,-0.2154,-24.5538,-0.2257
XRP/USDT,36,3.0,90,10,1,0.4208,3,35,16,19,0.4,-0.339,-11.8664,-0.28
XRP/USDT,36,3.0,85,15,1,0.4208,3,43,17,26,0.3953,-0.3469,-14.9148,-0.3318
XRP/USDT,36,3.0,80,20,1,0.4208,3,45,19,26,0.4222,-0.2545,-11.4513,-0.2329
XRP/USDT,36,3.0,90,10,2,0.4886,3,36,17,19,0.3889,-0.4403,-15.8516,-0.3134
XRP/USDT,36,3.0,85,15,2,0.4886,3,40,20,20,0.325,-0.4159,-16.6366,-0.302
XRP/USDT,36,3.0,80,20,2,0.4886,3,43,21,22,0.3256,-0.4509,-19.3888,-0.3352
XRP/USDT,36,3.0,90,10,3,0.5113,16,33,16,17,0.4848,-0.2389,-7.8846,-0.2018
XRP/USDT,36,3.0,85,15,3,0.5113,16,39,20,19,0.4615,-0.1724,-6.7224,-0.1313
XRP/USDT,36,3.0,80,20,3,0.5113,16,42,20,22,0.5,-0.1003,-4.2114,-0.0806
XRP/USDT,36,3.0,90,10,4,0.5715,4,41,18,23,0.561,0.0906,3.7142,0.0733
XRP/USDT,36,3.0,85,15,4,0.5715,4,45,27,18,0.4444,-0.1404,-6.3166,-0.0978
XRP/USDT,36,3.0,80,20,4,0.5715,4,45,26,19,0.4444,-0.1213,-5.4604,-0.0863
XRP/USDT,72,6.0,90,10,1,0.4134,1,17,12,5,0.2353,-0.2792,-4.7458,-0.3094
XRP/USDT,72,6.0,85,15,1,0.4134,1,18,14,4,0.2222,-0.3001,-5.4023,-0.2798
XRP/USDT,72,6.0,80,20,1,0.4134,1,18,13,5,0.2222,-0.3789,-6.8197,-0.4581
XRP/USDT,72,6.0,90,10,2,0.4336,2,21,9,12,0.381,-0.5942,-12.4777,-0.3104
XRP/USDT,72,6.0,85,15,2,0.4336,2,22,8,14,0.3636,-0.2786,-6.1293,-0.1349
XRP/USDT,72,6.0,80,20,2,0.4336,2,24,11,13,0.5,-0.4062,-9.7493,-0.1949
XRP/USDT,72,6.0,90,10,3,0.4458,222,19,9,10,0.4737,-0.2555,-4.8544,-0.1726
XRP/USDT,72,6.0,85,15,3,0.4458,222,21,8,13,0.4762,0.1305,2.7395,0.0738
XRP/USDT,72,6.0,80,20,3,0.4458,222,23,12,11,0.4783,0.0916,2.1062,0.06
XRP/USDT,72,6.0,90,10,4,0.5813,55,22,9,13,0.6364,0.1621,3.5667,0.1062
XRP/USDT,72,6.0,85,15,4,0.5813,55,22,8,14,0.6818,0.3874,8.5236,0.2917
XRP/USDT,72,6.0,80,20,4,0.5813,55,23,9,14,0.6087,0.2836,6.5218,0.1771
XRP/USDT,144,12.0,90,10,1,0.439,1,9,5,4,0.6667,0.2962,2.6654,0.182
XRP/USDT,144,12.0,85,15,1,0.439,1,11,8,3,0.3636,-0.0632,-0.6956,-0.0407
XRP/USDT,144,12.0,80,20,1,0.439,1,12,6,6,0.3333,0.0929,1.1144,0.0526
XRP/USDT,144,12.0,90,10,2,0.5292,2,12,6,6,0.4167,-0.5734,-6.8808,-0.2472
XRP/USDT,144,12.0,85,15,2,0.5292,2,12,7,5,0.3333,-0.9528,-11.4342,-0.4708
XRP/USDT,144,12.0,80,20,2,0.5292,2,12,6,6,0.4167,-0.8865,-10.6381,-0.4682
XRP/USDT,144,12.0,90,10,3,0.5077,3,12,8,4,0.5,-0.2756,-3.3073,-0.1528
XRP/USDT,144,12.0,85,15,3,0.5077,3,12,7,5,0.5,-0.6613,-7.936,-0.37
XRP/USDT,144,12.0,80,20,3,0.5077,3,13,11,2,0.3846,-0.2143,-2.786,-0.136
XRP/USDT,144,12.0,90,10,4,0.4569,1,11,6,5,0.4545,0.1106,1.2162,0.0502
XRP/USDT,144,12.0,85,15,4,0.4569,1,11,6,5,0.4545,-0.2155,-2.3707,-0.0971
XRP/USDT,144,12.0,80,20,4,0.4569,1,12,7,5,0.5,-0.0003,-0.004,-0.0002
XRP/USDT,288,24.0,90,10,1,0.4677,1,6,4,2,0.3333,-0.3207,-1.9242,-0.1793
XRP/USDT,288,24.0,85,15,1,0.4677,1,7,2,5,0.7143,1.8145,12.7014,1.0258
XRP/USDT,288,24.0,80,20,1,0.4677,1,7,4,3,0.5714,-0.5562,-3.8934,-0.1963
XRP/USDT,288,24.0,90,10,2,0.3652,1,6,4,2,0.1667,-1.3729,-8.2375,-0.5654
XRP/USDT,288,24.0,85,15,2,0.3652,1,6,3,3,0.3333,-1.2789,-7.6736,-0.4182
XRP/USDT,288,24.0,80,20,2,0.3652,1,7,3,4,0.5714,1.8289,12.802,0.7317
XRP/USDT,288,24.0,90,10,3,0.5214,2,6,5,1,0.3333,-1.0505,-6.3028,-0.3973
XRP/USDT,288,24.0,85,15,3,0.5214,2,6,4,2,0.6667,-0.259,-1.5539,-0.1071
XRP/USDT,288,24.0,80,20,3,0.5214,2,6,3,3,0.8333,0.5201,3.1206,0.2258
XRP/USDT,288,24.0,90,10,4,0.4128,1,6,2,4,0.6667,1.043,6.2578,0.3534
XRP/USDT,288,24.0,85,15,4,0.4128,1,6,2,4,0.5,1.6182,9.7093,0.5327
XRP/USDT,288,24.0,80,20,4,0.4128,1,6,2,4,0.5,1.6182,9.7093,0.5327
BTC/USDT,6,0.5,90,10,1,0.5057,51,151,75,76,0.2583,-0.186,-28.0811,-0.4235
BTC/USDT,6,0.5,85,15,1,0.5057,51,178,88,90,0.2416,-0.199,-35.4294,-0.4728
BTC/USDT,6,0.5,80,20,1,0.5057,51,213,103,110,0.2723,-0.1762,-37.5201,-0.4795
BTC/USDT,6,0.5,90,10,2,0.516,4,134,70,64,0.2687,-0.157,-21.0409,-0.4887
BTC/USDT,6,0.5,85,15,2,0.516,4,173,88,85,0.289,-0.1401,-24.2418,-0.4439
BTC/USDT,6,0.5,80,20,2,0.516,4,201,107,94,0.2935,-0.153,-30.7492,-0.5036
BTC/USDT,6,0.5,90,10,3,0.5131,24,146,72,74,0.3767,-0.0805,-11.7499,-0.1993
BTC/USDT,6,0.5,85,15,3,0.5131,24,185,93,92,0.3568,-0.1258,-23.2724,-0.3322
BTC/USDT,6,0.5,80,20,3,0.5131,24,216,109,107,0.3472,-0.1117,-24.1312,-0.2764
BTC/USDT,6,0.5,90,10,4,0.5363,3,134,74,60,0.4179,-0.1041,-13.9524,-0.2002
BTC/USDT,6,0.5,85,15,4,0.5363,3,165,94,71,0.4061,-0.1058,-17.4615,-0.2118
BTC/USDT,6,0.5,80,20,4,0.5363,3,193,112,81,0.399,-0.1358,-26.2178,-0.2951
BTC/USDT,12,1.0,90,10,1,0.5049,2,75,27,48,0.24,-0.1863,-13.9698,-0.4052
BTC/USDT,12,1.0,85,15,1,0.5049,2,94,34,60,0.3085,-0.1936,-18.2027,-0.357
BTC/USDT,12,1.0,80,20,1,0.5049,2,107,40,67,0.3458,-0.1803,-19.2935,-0.3587
BTC/USDT,12,1.0,90,10,2,0.5209,49,72,33,39,0.3194,-0.2153,-15.4996,-0.4854
BTC/USDT,12,1.0,85,15,2,0.5209,49,94,43,51,0.3191,-0.2187,-20.5585,-0.4743
BTC/USDT,12,1.0,80,20,2,0.5209,49,112,53,59,0.3304,-0.1959,-21.9417,-0.4211
BTC/USDT,12,1.0,90,10,3,0.5047,2,72,41,31,0.3194,-0.1727,-12.4372,-0.3699
BTC/USDT,12,1.0,85,15,3,0.5047,2,89,47,42,0.3371,-0.1269,-11.2925,-0.2494
BTC/USDT,12,1.0,80,20,3,0.5047,2,100,52,48,0.32,-0.1695,-16.9493,-0.3378
BTC/USDT,12,1.0,90,10,4,0.481,72,73,36,37,0.3562,-0.1866,-13.6222,-0.226
BTC/USDT,12,1.0,85,15,4,0.481,72,92,47,45,0.3587,-0.2009,-18.4834,-0.2857
BTC/USDT,12,1.0,80,20,4,0.481,72,111,58,53,0.3604,-0.1597,-17.7291,-0.2078
BTC/USDT,36,3.0,90,10,1,0.487,7,38,19,19,0.2368,-0.4352,-16.5372,-0.5374
BTC/USDT,36,3.0,85,15,1,0.487,7,40,22,18,0.275,-0.3152,-12.6091,-0.3488
BTC/USDT,36,3.0,80,20,1,0.487,7,44,25,19,0.2955,-0.2663,-11.7177,-0.2791
BTC/USDT,36,3.0,90,10,2,0.4801,2,32,14,18,0.3438,-0.1532,-4.9024,-0.1984
BTC/USDT,36,3.0,85,15,2,0.4801,2,37,19,18,0.3784,-0.1573,-5.8199,-0.2091
BTC/USDT,36,3.0,80,20,2,0.4801,2,41,20,21,0.4634,-0.1575,-6.4567,-0.209
BTC/USDT,36,3.0,90,10,3,0.5059,1,28,12,16,0.4286,-0.1122,-3.143,-0.116
BTC/USDT,36,3.0,85,15,3,0.5059,1,32,12,20,0.4375,-0.1575,-5.039,-0.1718
BTC/USDT,36,3.0,80,20,3,0.5059,1,36,13,23,0.4722,-0.0974,-3.5067,-0.108
BTC/USDT,36,3.0,90,10,4,0.5325,1,26,17,9,0.3846,0.0003,0.0074,0.0002
BTC/USDT,36,3.0,85,15,4,0.5325,1,31,15,16,0.5484,0.2507,7.7703,0.2035
BTC/USDT,36,3.0,80,20,4,0.5325,1,32,15,17,0.5625,0.3011,9.6349,0.2411
BTC/USDT,72,6.0,90,10,1,0.453,2,22,12,10,0.2727,-0.5652,-12.4352,-0.522
BTC/USDT,72,6.0,85,15,1,0.453,2,24,11,13,0.25,-0.5608,-13.4595,-0.5938
BTC/USDT,72,6.0,80,20,1,0.453,2,24,11,13,0.25,-0.564,-13.5354,-0.5967
BTC/USDT,72,6.0,90,10,2,0.4806,11,21,16,5,0.3333,-0.316,-6.6352,-0.2908
BTC/USDT,72,6.0,85,15,2,0.4806,11,22,12,10,0.3182,-0.5493,-12.0852,-0.5639
BTC/USDT,72,6.0,80,20,2,0.4806,11,23,10,13,0.3478,-0.4026,-9.2597,-0.3469
BTC/USDT,72,6.0,90,10,3,0.4006,1,15,10,5,0.5333,0.0146,0.2192,0.0179
BTC/USDT,72,6.0,85,15,3,0.4006,1,18,11,7,0.5556,0.0941,1.6934,0.1289
BTC/USDT,72,6.0,80,20,3,0.4006,1,21,14,7,0.5238,-0.0351,-0.7375,-0.0458
BTC/USDT,72,6.0,90,10,4,0.5748,1,18,9,9,0.3889,-0.3189,-5.74,-0.2052
BTC/USDT,72,6.0,85,15,4,0.5748,1,18,8,10,0.3889,-0.2805,-5.0496,-0.1706
BTC/USDT,72,6.0,80,20,4,0.5748,1,20,8,12,0.5,0.0335,0.6695,0.019
BTC/USDT,144,12.0,90,10,1,0.48,2,12,7,5,0.3333,-0.0973,-1.1679,-0.0836
BTC/USDT,144,12.0,85,15,1,0.48,2,12,8,4,0.25,-0.4323,-5.188,-0.3471
BTC/USDT,144,12.0,80,20,1,0.48,2,12,8,4,0.3333,-0.9834,-11.8009,-0.5262
BTC/USDT,144,12.0,90,10,2,0.465,2,11,7,4,0.2727,-0.511,-5.6213,-0.3814
BTC/USDT,144,12.0,85,15,2,0.465,2,12,7,5,0.4167,-0.2301,-2.7611,-0.1981
BTC/USDT,144,12.0,80,20,2,0.465,2,12,7,5,0.5833,-0.2291,-2.7495,-0.2025
BTC/USDT,144,12.0,90,10,3,0.4947,3,12,7,5,0.5,0.0284,0.3409,0.0192
BTC/USDT,144,12.0,85,15,3,0.4947,3,12,7,5,0.5,-0.0258,-0.3101,-0.0182
BTC/USDT,144,12.0,80,20,3,0.4947,3,12,7,5,0.4167,-0.2305,-2.7665,-0.1745
BTC/USDT,144,12.0,90,10,4,0.4798,1,11,5,6,0.5455,0.0698,0.7683,0.0369
BTC/USDT,144,12.0,85,15,4,0.4798,1,12,3,9,0.6667,0.8805,10.5662,0.4575
BTC/USDT,144,12.0,80,20,4,0.4798,1,12,2,10,0.5833,0.7226,8.671,0.351
BTC/USDT,288,24.0,90,10,1,0.5227,1,6,4,2,0.6667,-0.0238,-0.1426,-0.0199
BTC/USDT,288,24.0,85,15,1,0.5227,1,6,4,2,0.6667,-0.1903,-1.1416,-0.1374
BTC/USDT,288,24.0,80,20,1,0.5227,1,6,4,2,0.6667,-0.1903,-1.1416,-0.1374
BTC/USDT,288,24.0,90,10,2,0.4488,1,6,3,3,0.3333,0.6343,3.8061,0.2867
BTC/USDT,288,24.0,85,15,2,0.4488,1,6,3,3,0.1667,-1.8942,-11.3653,-0.9899
BTC/USDT,288,24.0,80,20,2,0.4488,1,6,0,6,0.5,-0.1604,-0.9624,-0.0799
BTC/USDT,288,24.0,90,10,3,0.473,1,6,0,6,0.1667,-1.4276,-8.5656,-1.508
BTC/USDT,288,24.0,85,15,3,0.473,1,6,0,6,0.3333,-0.7391,-4.4344,-0.3996
BTC/USDT,288,24.0,80,20,3,0.473,1,6,3,3,0.3333,-1.019,-6.1139,-0.498
BTC/USDT,288,24.0,90,10,4,0.1924,1,6,5,1,0.1667,-1.2882,-7.7295,-0.4113
BTC/USDT,288,24.0,85,15,4,0.1924,1,6,6,0,0.0,-3.1687,-19.012,-1.4883
BTC/USDT,288,24.0,80,20,4,0.1924,1,6,5,1,0.0,-3.092,-18.552,-1.3876
